Workbook

Sheet README
B1: dav2021i_invalid_male_2ndorder.csv -- input template
B3: What to do
B4: 1. Paste the recovery table into the sheet 'paste_RI' and the disabled mortality table into the sheet 'paste_TI'. Both sheets keep the wide layout of the Tafelwerk: one row per attained age, one column per disability year.
B5: 2. Leave the grey cells empty. They are structurally unreachable and are filled automatically; see 'The grey triangle' below.
B6: 3. The sheet 'invalid' assembles the long format the script expects and needs no editing.
B7: 4. With the sheet 'invalid' selected, save the workbook as CSV, name the file dav2021i_invalid_male_2ndorder.csv and put it in the directory 'data'.
B9: Where the numbers come from
B10: r DAV 2021 I, Anhang 1 - Tafelwerk, table 'DAV 2021 RI - Reaktivierungswahrscheinlichkeiten - Maenner', block '2. Ordnung', disability years 1, ..., 9, 10+, p. 109-110.
B11: q DAV 2021 I, Anhang 1 - Tafelwerk, table 'DAV 2021 TI - Invalidensterblichkeiten - Maenner', block '2. Ordnung', disability years 1, ..., 5, 6+, p. 118-119.
B13: Legend
B14: shaded - paste your values here
B15: grey - leave empty, structurally unreachable
B16: white - pre-filled or computed, do not edit

Sheet paste_RI
A1: age | B1: r_1 | C1: r_2 | D1: r_3 | E1: r_4 | F1: r_5 | G1: r_6 | H1: r_7 | I1: r_8 | J1: r_9 | K1: r_10plus
A2: 15 | B2: 0.149392
A3: 16 | B3: 0.148543 | C3: 0.148543
A4: 17 | B4: 0.147899 | C4: 0.147899 | D4: 0.130868
A5: 18 | B5: 0.147458 | C5: 0.147458 | D5: 0.129232 | E5: 0.147458
A6: 19 | B6: 0.147181 | C6: 0.147181 | D6: 0.127805 | E6: 0.147181 | F6: 0.147181
A7: 20 | B7: 0.147223 | C7: 0.147223 | D7: 0.12656 | E7: 0.147223 | F7: 0.147223 | G7: 0.12656
A8: 21 | B8: 0.147359 | C8: 0.147359 | D8: 0.125603 | E8: 0.147359 | F8: 0.147359 | G8: 0.125603 | H8: 0.122367
A9: 22 | B9: 0.14768 | C9: 0.14768 | D9: 0.124712 | E9: 0.14768 | F9: 0.14768 | G9: 0.124712 | H9: 0.117824 | I9: 0.06867
A10: 23 | B10: 0.148233 | C10: 0.148233 | D10: 0.12404 | E10: 0.148233 | F10: 0.148233 | G10: 0.12404 | H10: 0.112891 | I10: 0.067713 | J10: 0.067713
A11: 24 | B11: 0.148997 | C11: 0.148997 | D11: 0.123616 | E11: 0.148997 | F11: 0.148997 | G11: 0.123616 | H11: 0.107677 | I11: 0.066498 | J11: 0.066498 | K11: 0.049232
A12: 25 | B12: 0.150015 | C12: 0.150015 | D12: 0.123398 | E12: 0.150008 | F12: 0.150008 | G12: 0.123398 | H12: 0.102033 | I12: 0.065088 | J12: 0.065088 | K12: 0.047419
A13: 26 | B13: 0.151247 | C13: 0.151247 | D13: 0.123247 | E13: 0.148651 | F13: 0.148651 | G13: 0.123247 | H13: 0.096322 | I13: 0.063272 | J13: 0.063272 | K13: 0.045377
A14: 27 | B14: 0.152688 | C14: 0.152688 | D14: 0.122978 | E14: 0.146418 | F14: 0.146418 | G14: 0.116825 | H14: 0.090548 | I14: 0.061402 | J14: 0.061402 | K14: 0.043167
A15: 28 | B15: 0.154054 | C15: 0.154054 | D15: 0.122364 | E15: 0.143362 | F15: 0.143309 | G15: 0.109652 | H15: 0.084637 | I15: 0.059399 | J15: 0.059399 | K15: 0.040709
A16: 29 | B16: 0.155094 | C16: 0.155094 | D16: 0.121154 | E16: 0.139638 | F16: 0.137388 | G16: 0.102273 | H16: 0.078528 | I16: 0.057188 | J16: 0.057188 | K16: 0.038224
A17: 30 | B17: 0.15656 | C17: 0.154744 | D17: 0.119252 | E17: 0.135242 | F17: 0.131018 | G17: 0.094802 | H17: 0.072371 | I17: 0.054641 | J17: 0.052533 | K17: 0.035671
A18: 31 | B18: 0.158531 | C18: 0.152357 | D18: 0.116653 | E18: 0.130379 | F18: 0.124133 | G18: 0.087306 | H18: 0.066397 | I18: 0.051825 | J18: 0.04725 | K18: 0.033051
A19: 32 | B19: 0.159545 | C19: 0.14959 | D19: 0.113504 | E19: 0.125095 | F19: 0.116721 | G19: 0.079929 | H19: 0.060674 | I19: 0.048831 | J19: 0.042324 | K19: 0.030342
A20: 33 | B20: 0.159525 | C20: 0.146756 | D20: 0.109924 | E20: 0.119381 | F20: 0.108797 | G20: 0.072876 | H20: 0.055252 | I20: 0.045679 | J20: 0.037719 | K20: 0.027522
A21: 34 | B21: 0.158482 | C21: 0.143833 | D21: 0.105816 | E21: 0.113235 | F21: 0.100598 | G21: 0.066278 | H21: 0.050189 | I21: 0.042458 | J21: 0.033444 | K21: 0.024667
A22: 35 | B22: 0.156688 | C22: 0.140943 | D22: 0.101202 | E22: 0.106674 | F22: 0.092353 | G22: 0.06022 | H22: 0.045552 | I22: 0.039275 | J22: 0.02955 | K22: 0.021895
... A57: 70 | B57: 0.00139 | C57: 0.000119 | D57: 2e-06 | E57: 0 | F57: 0 | G57: 0 | H57: 0 | I57: 0 | J57: 0 | K57: 0

Sheet paste_TI
A1: age | B1: q_1 | C1: q_2 | D1: q_3 | E1: q_4 | F1: q_5 | G1: q_6plus
A2: 15 | B2: 0.005599
A3: 16 | B3: 0.005599 | C3: 0.011845
A4: 17 | B4: 0.005599 | C4: 0.011845 | D4: 0.006752
A5: 18 | B5: 0.005599 | C5: 0.011845 | D5: 0.006752 | E5: 0.003888
A6: 19 | B6: 0.005599 | C6: 0.011845 | D6: 0.006752 | E6: 0.003888 | F6: 0.003888
A7: 20 | B7: 0.005599 | C7: 0.011845 | D7: 0.006752 | E7: 0.003888 | F7: 0.003888 | G7: 0.003888
A8: 21 | B8: 0.005599 | C8: 0.011845 | D8: 0.006752 | E8: 0.003888 | F8: 0.003888 | G8: 0.003888
A9: 22 | B9: 0.005599 | C9: 0.011845 | D9: 0.006752 | E9: 0.003888 | F9: 0.003888 | G9: 0.003888
A10: 23 | B10: 0.005599 | C10: 0.011845 | D10: 0.006752 | E10: 0.003888 | F10: 0.003888 | G10: 0.003888
A11: 24 | B11: 0.005599 | C11: 0.011845 | D11: 0.006752 | E11: 0.003888 | F11: 0.003888 | G11: 0.003888
A12: 25 | B12: 0.005599 | C12: 0.011845 | D12: 0.006752 | E12: 0.003888 | F12: 0.003888 | G12: 0.003888
A13: 26 | B13: 0.005599 | C13: 0.011845 | D13: 0.006752 | E13: 0.003888 | F13: 0.003888 | G13: 0.003888
A14: 27 | B14: 0.005599 | C14: 0.011845 | D14: 0.006752 | E14: 0.003888 | F14: 0.003888 | G14: 0.003888
A15: 28 | B15: 0.005599 | C15: 0.011845 | D15: 0.006752 | E15: 0.003888 | F15: 0.003888 | G15: 0.003888
A16: 29 | B16: 0.005599 | C16: 0.011845 | D16: 0.006752 | E16: 0.003888 | F16: 0.003888 | G16: 0.003888
A17: 30 | B17: 0.005599 | C17: 0.011845 | D17: 0.006752 | E17: 0.003888 | F17: 0.003888 | G17: 0.003888
A18: 31 | B18: 0.005599 | C18: 0.011845 | D18: 0.006752 | E18: 0.003888 | F18: 0.003888 | G18: 0.003888
... A57: 70 | B57: 0.05496 | C57: 0.055119 | D57: 0.03953 | E57: 0.034284 | F57: 0.023557 | G57: 0.023557

Sheet invalid
A1: age | B1: y | C1: r | D1: q
A2: 15 | B2: 1 | C2: =INDEX(paste_RI!$B$2:$K$57,MATCH(MAX($A2,$B2+14),paste_RI!$A$2:$A$57,0),$B2) -> 0.149392 | D2: =INDEX(paste_TI!$B$2:$G$57,MATCH(MAX($A2,MIN($B2,6)+14),paste_TI!$A$2:$A$57,0),MIN($B2,6)) -> 0.005599
A3: 15 | B3: 2 | C3: =INDEX(paste_RI!$B$2:$K$57,MATCH(MAX($A3,$B3+14),paste_RI!$A$2:$A$57,0),$B3) -> 0.148543 | D3: =INDEX(paste_TI!$B$2:$G$57,MATCH(MAX($A3,MIN($B3,6)+14),paste_TI!$A$2:$A$57,0),MIN($B3,6)) -> 0.011845
A4: 15 | B4: 3 | C4: =INDEX(paste_RI!$B$2:$K$57,MATCH(MAX($A4,$B4+14),paste_RI!$A$2:$A$57,0),$B4) -> 0.130868 | D4: =INDEX(paste_TI!$B$2:$G$57,MATCH(MAX($A4,MIN($B4,6)+14),paste_TI!$A$2:$A$57,0),MIN($B4,6)) -> 0.006752
A5: 15 | B5: 4 | C5: =INDEX(paste_RI!$B$2:$K$57,MATCH(MAX($A5,$B5+14),paste_RI!$A$2:$A$57,0),$B5) -> 0.147458 | D5: =INDEX(paste_TI!$B$2:$G$57,MATCH(MAX($A5,MIN($B5,6)+14),paste_TI!$A$2:$A$57,0),MIN($B5,6)) -> 0.003888
A6: 15 | B6: 5 | C6: =INDEX(paste_RI!$B$2:$K$57,MATCH(MAX($A6,$B6+14),paste_RI!$A$2:$A$57,0),$B6) -> 0.147181 | D6: =INDEX(paste_TI!$B$2:$G$57,MATCH(MAX($A6,MIN($B6,6)+14),paste_TI!$A$2:$A$57,0),MIN($B6,6)) -> 0.003888
A7: 15 | B7: 6 | C7: =INDEX(paste_RI!$B$2:$K$57,MATCH(MAX($A7,$B7+14),paste_RI!$A$2:$A$57,0),$B7) -> 0.12656 | D7: =INDEX(paste_TI!$B$2:$G$57,MATCH(MAX($A7,MIN($B7,6)+14),paste_TI!$A$2:$A$57,0),MIN($B7,6)) -> 0.003888
A8: 15 | B8: 7 | C8: =INDEX(paste_RI!$B$2:$K$57,MATCH(MAX($A8,$B8+14),paste_RI!$A$2:$A$57,0),$B8) -> 0.122367 | D8: =INDEX(paste_TI!$B$2:$G$57,MATCH(MAX($A8,MIN($B8,6)+14),paste_TI!$A$2:$A$57,0),MIN($B8,6)) -> 0.003888
A9: 15 | B9: 8 | C9: =INDEX(paste_RI!$B$2:$K$57,MATCH(MAX($A9,$B9+14),paste_RI!$A$2:$A$57,0),$B9) -> 0.06867 | D9: =INDEX(paste_TI!$B$2:$G$57,MATCH(MAX($A9,MIN($B9,6)+14),paste_TI!$A$2:$A$57,0),MIN($B9,6)) -> 0.003888
A10: 15 | B10: 9 | C10: =INDEX(paste_RI!$B$2:$K$57,MATCH(MAX($A10,$B10+14),paste_RI!$A$2:$A$57,0),$B10) -> 0.067713 | D10: =INDEX(paste_TI!$B$2:$G$57,MATCH(MAX($A10,MIN($B10,6)+14),paste_TI!$A$2:$A$57,0),MIN($B10,6)) -> 0.003888
A11: 15 | B11: 10 | C11: =INDEX(paste_RI!$B$2:$K$57,MATCH(MAX($A11,$B11+14),paste_RI!$A$2:$A$57,0),$B11) -> 0.049232 | D11: =INDEX(paste_TI!$B$2:$G$57,MATCH(MAX($A11,MIN($B11,6)+14),paste_TI!$A$2:$A$57,0),MIN($B11,6)) -> 0.003888
A12: 16 | B12: 1 | C12: =INDEX(paste_RI!$B$2:$K$57,MATCH(MAX($A12,$B12+14),paste_RI!$A$2:$A$57,0),$B12) -> 0.148543 | D12: =INDEX(paste_TI!$B$2:$G$57,MATCH(MAX($A12,MIN($B12,6)+14),paste_TI!$A$2:$A$57,0),MIN($B12,6)) -> 0.005599
A13: 16 | B13: 2 | C13: =INDEX(paste_RI!$B$2:$K$57,MATCH(MAX($A13,$B13+14),paste_RI!$A$2:$A$57,0),$B13) -> 0.148543 | D13: =INDEX(paste_TI!$B$2:$G$57,MATCH(MAX($A13,MIN($B13,6)+14),paste_TI!$A$2:$A$57,0),MIN($B13,6)) -> 0.011845
... A561: 70 | B561: 10 | C561: =INDEX(paste_RI!$B$2:$K$57,MATCH(MAX($A561,$B561+14),paste_RI!$A$2:$A$57,0),$B561) -> 0 | D561: =INDEX(paste_TI!$B$2:$G$57,MATCH(MAX($A561,MIN($B561,6)+14),paste_TI!$A$2:$A$57,0),MIN($B561,6)) -> 0.023557
